{"cameraMode":{"drawMode":0,"name":"Shaded","section":"Shading Mode"},"sceneLighting":true,"audioPlay":false,"sceneViewState":{"m_AlwaysRefresh":false,"showFog":true,"showSkybox":true,"showFlares":true,"showImageEffects":true,"showParticleSystems":true,"showVisualEffectGraphs":true,"m_FxEnabled":true},"in2DMode":false,"pivot":{"x":-0.34307003021240237,"y":0.8100000023841858,"z":-0.5099999904632568},"rotation":{"x":0.01833856664597988,"y":-0.9673057198524475,"z":0.07297058403491974,"w":0.24227815866470338},"size":1.546701192855835,"orthographic":false}