{"cameraMode":{"drawMode":0,"name":"Shaded","section":"Shading Mode"},"sceneLighting":true,"audioPlay":false,"sceneViewState":{"m_AlwaysRefresh":false,"showFog":true,"showSkybox":true,"showFlares":true,"showImageEffects":true,"showParticleSystems":true,"showVisualEffectGraphs":true,"m_FxEnabled":true},"in2DMode":false,"pivot":{"x":-0.3388490676879883,"y":0.41290855407714846,"z":0.647730827331543},"rotation":{"x":0.2687786817550659,"y":0.39891737699508669,"z":-0.12357156723737717,"w":0.867989718914032},"size":7.145161151885986,"orthographic":false}