{"cameraMode":{"drawMode":0,"name":"Shaded","section":"Shading Mode"},"sceneLighting":false,"audioPlay":false,"sceneViewState":{"m_AlwaysRefresh":false,"showFog":true,"showSkybox":false,"showFlares":true,"showImageEffects":true,"showParticleSystems":true,"showVisualEffectGraphs":true,"m_FxEnabled":true},"in2DMode":false,"pivot":{"x":-0.48000001907348635,"y":-0.011396169662475586,"z":-0.47999995946884158},"rotation":{"x":-0.47787219285964968,"y":0.20966918766498567,"z":-0.11860582232475281,"w":-0.8447584509849548},"size":0.7686155438423157,"orthographic":false}