{"cameraMode":{"drawMode":0,"name":"Shaded","section":"Shading Mode"},"sceneLighting":false,"audioPlay":false,"sceneViewState":{"m_AlwaysRefresh":false,"showFog":true,"showSkybox":false,"showFlares":true,"showImageEffects":true,"showParticleSystems":true,"showVisualEffectGraphs":true,"m_FxEnabled":true},"in2DMode":false,"pivot":{"x":-0.41862547397613528,"y":-0.39168667793273928,"z":1.4441235065460206},"rotation":{"x":0.3086704909801483,"y":0.6682549118995667,"z":-0.3597169816493988,"w":0.5734280347824097},"size":1.631697177886963,"orthographic":false}